min,max,mean,count,median,majority,unique
0.00835282325425994,0.5828071879553182,0.15432884835222316,129,0.1411543287327478,0.16021724372029872,84
0.15753424657534246,0.763509898341359,0.2550617597529452,149,0.20641282565130262,0.16812933025404156,89
0.2247469066366704,0.7238470191226096,0.42087736349455585,126,0.42224777234837596,0.31247897746384123,82
0.17396370900615948,0.7837487860148915,0.371124337995128,125,0.3284819082272084,0.4445467096180396,73
0.17010005885815185,0.8023255813953488,0.32944225721160214,81,0.30992535250207354,0.30243075183719614,54
0.2157676348547718,0.79040635502597,0.36861120738940867,137,0.36304909560723514,0.35275689223057644,80
0.05569155446756426,0.7124053965120105,0.16592484209576086,378,0.14058481891952623,0.13181602655286867,221
0.1274321731981365,0.8063915606577723,0.3159474047907953,274,0.290093663879775,0.2878071833648393,169
0.07331378299120235,0.8156721172223402,0.2757871199246047,141,0.21891348088531187,0.09925772484032452,86
0.06519898391193904,0.7825520833333334,0.19746815940968687,117,0.135258358662614,0.10196245733788396,72
0.1751636580043642,0.7515873015873016,0.34891531398595477,301,0.300331717274815,0.24141465914915428,170
0.11738630766704974,0.7670933499843896,0.28707225745412907,189,0.2406311637080868,0.35923935510541544,117
0.17981557377049182,0.7322151532677849,0.3682702569534159,154,0.3421884882985452,0.35927204267336055,96
0.02534562211981567,0.819620253164557,0.23337557870405384,100,0.1534691771988651,0.13887427669647553,65
0.33637083993660855,0.8103154305200341,0.5975063322468794,90,0.5941013452538353,0.584561403508772,56
0.14533483218243134,0.7825267127592709,0.32105101685785103,88,0.28816029143898,0.27042532146389714,52
0.08412197686645637,0.8073394495412844,0.2919742523043683,939,0.15449290593799264,0.6169181034482759,542
0.10237131289762869,0.8345916266300618,0.27185155486479656,728,0.27664247188045643,0.2976127320954907,425
0.12885091072633237,0.6882416396979504,0.34177454204336377,189,0.3167176110980484,0.34334867942815606,130
0.05318404478656403,0.720074812967581,0.17548232103537104,413,0.11023310944290794,0.11309115832762166,254
0.16588314304902618,0.780354267310789,0.43583483618081986,760,0.4499509885572879,0.4871908127208481,454
0.08790072388831438,0.7838816782372472,0.2837059383637136,299,0.24238468233246302,0.1729667812142039,186
0.19262834576568671,0.7977407208176439,0.4743506385037903,333,0.47268292682926827,0.5953210552513688,205
0.12906220984215414,0.6750459840588596,0.26262204135270056,213,0.23983943803311591,0.39351851851851855,136
0.2415691672401927,0.8193548387096774,0.5701143478596605,208,0.5907028515990437,0.5599613152804642,126
0.07577955039883974,0.6458569807037458,0.2723172200830573,88,0.17302656051529608,0.12339585389930899,51
0.1147693021099003,0.7297113752122241,0.3145768060710809,203,0.28205128205128205,0.19617732943987257,122
0.18014928384103288,0.8257682548632648,0.4962213131332579,184,0.49483933787731255,0.4583084577114428,113
0.190561797752809,0.7541304956594791,0.3341089982798538,139,0.3256064690026954,0.36351875808538164,88
0.10896427769040665,0.7690100430416069,0.31437199998097776,118,0.27250360355882497,0.2727272727272727,76
0.12781954887218044,0.7447997516299286,0.2880094165677606,262,0.26115051394657257,0.27052186177715093,174
0.43225436837582354,0.8000861697544162,0.6630459761978761,374,0.6742743736045647,0.6770249617931737,224
0.16745602165087956,0.8126582278481013,0.418034253466773,364,0.36473972350298883,0.6902774037166711,223
0.16680707666385847,0.7077486272117145,0.3088133497220052,92,0.3115136519933405,0.1765994741454864,62
0.1588098918083462,0.739751552795031,0.29522242841063984,128,0.25981175555034197,0.23920351693819497,79
0.16041765543426673,0.7908847184986595,0.3617757854407419,118,0.3278784336645237,0.3278784336645237,76
0.07042825248629998,0.796046287367406,0.20448805132241438,267,0.15481171548117154,0.130755971435607,162
0.14161456917640663,0.7580770224864306,0.2648427284234545,254,0.22920302501454334,0.22173274596182085,145
0.2712468193384224,0.8298727394507702,0.4276606733230271,146,0.4053807857140105,0.4070376840529074,95
0.19453519453519452,0.4930824571112341,0.2702996891779024,67,0.25850785340314136,0.2578374920025592,40
0.0507651202331795,0.6722788712354755,0.13806721849608522,230,0.10484353891373034,0.10070532915360501,142
0.17198935462408516,0.6447007138934652,0.4030853165595066,127,0.3962197491609256,0.4921795653057079,78
0.09863429438543247,0.7618356084809759,0.3943456383887513,620,0.393130605994312,0.39905660377358493,370
0.22649494020239191,0.8103492225337752,0.3793784576719217,115,0.33717834960070986,0.3108015528659511,67
0.23511148744002258,0.8293601003764115,0.4525309876338915,596,0.43588437607176117,0.569250729808628,362
0.1864,0.6556950035519773,0.3996653455357738,121,0.37130117551682207,0.5549062576089603,78
0.16937079540957659,0.7851140456182473,0.445258451078526,357,0.45104724792985873,0.5362663495838288,214
0.1835334476843911,0.7426608369768894,0.47077563910220244,136,0.44337050805452294,0.643164515061238,76
0.15938069216757741,0.8012672811059908,0.37056166974003557,471,0.3672665916760405,0.3874538745387454,271
0.1006993006993007,0.8096859629209232,0.37290806913014013,850,0.41998060135790494,0.17947247706422018,499
0.28579952267303105,0.78994708994709,0.4586136988088325,236,0.4313836100621835,0.38683498647430115,138
0.169442593826338,0.7745629897528632,0.3412964220818955,106,0.26184303558802735,0.20916162489196197,73
0.09738041002277904,0.6961644522436701,0.23233148679198892,144,0.17494125178280098,0.17870722433460076,90
0.07878130546243345,0.9624489795918367,0.3406901666507817,158,0.33413848631239934,0.41868987631699495,90
0.08384114309728935,0.8289031469599756,0.37647781177907497,712,0.37062036668629833,0.19550363676438176,430
0.15121951219512195,0.759765625,0.40935832427532465,1119,0.40549978175469226,0.28039326904896955,633
0.2926829268292683,0.7288246881155613,0.45461125015243664,118,0.45920090005165853,0.35943661971830987,74
0.2331781633516716,0.669310071371927,0.35777664102204376,112,0.34613680630250876,0.34398092967818833,65
0.11004947961098789,0.7569060773480663,0.2895016433749358,167,0.2414958799915487,0.19496625934707276,104
0.24412206103051526,0.7571942446043165,0.4720159021606999,84,0.4256993030424876,0.7571942446043165,55
0.10115236875800256,0.7232606438213914,0.261210979258742,111,0.2302383939774153,0.25,69
0.06859410430839002,0.7828756058158319,0.351466556044283,129,0.2575921908893709,0.23454414241039212,90
0.1170177198261451,0.7604679802955665,0.35142587790926527,97,0.34092758340113916,0.24223107569721117,58
0.0809042236763831,0.8044387262785462,0.24000405318143797,80,0.1427878787878788,0.13559736134864403,47
0.0467706013363029,0.8415227976980965,0.2081941306474325,77,0.1419656786271451,0.1419656786271451,45
0.19036144578313252,0.686300463269358,0.326805538287888,128,0.3054846417529418,0.2039050366097182,81
0.05795435889016582,0.8495623632385121,0.26053009895248447,1738,0.20993494973388527,0.20999580008399832,1003
0.10072655217965654,0.767136766152837,0.32511142046804203,404,0.293163135848601,0.18650019508388607,238
0.16417233560090702,0.8080155138978669,0.41391838108637974,680,0.38566942620610906,0.30622489959839355,416
0.19700068166325835,0.7685131195335277,0.35815862548798044,103,0.3278936234511937,0.29384025935750074,74
0.10910140465653262,0.7632729544034978,0.326637305523545,119,0.27980852915578763,0.2957427536231884,85
0.16374745417515274,0.7424945837202105,0.42520144443993085,228,0.39940089865202194,0.39940089865202194,146
0.2810917895663658,0.8468677494199536,0.5842833618037252,166,0.5925577013659915,0.6073452731806847,105
0.1875,0.779430789133247,0.35666946553437545,97,0.3069584736251403,0.26339509263895844,63
0.178465785841057,0.7511286681715575,0.3782830908327105,98,0.3804800129540389,0.26011117500479203,66
0.07667473769168684,0.7967213114754098,0.22840545639388637,111,0.17928461707263552,0.18181818181818182,70
0.12345936912471277,0.6095297029702971,0.2580747626917385,80,0.22197922250028224,0.16582694414019716,47
0.12684365781710916,0.9651365485183033,0.2922894445656907,152,0.21666911032246783,0.17642956764295675,99
0.33315276273022754,0.7716627634660421,0.5576241173265742,84,0.537119751456542,0.41388888888888886,52
0.3217429577464789,0.7858809801633606,0.5379635585646216,114,0.5485483560853682,0.5485483560853682,74
-0.03688799463447351,0.7679262124367747,0.32283055057543036,307,0.29917950770462276,0.23650262780697565,191
0.11812529890004782,0.7866440294284097,0.3037397798613417,652,0.2810988585799961,0.25089268934410824,385
0.26313241345921085,0.7739261492087415,0.48055376099328634,139,0.46118980169971674,0.4478955007256894,91
0.13910942354159475,0.7954545454545454,0.5194635810683631,276,0.5545965547282705,0.27715877437325903,168
-1.0,0.8700296735905044,0.4239577536856383,2909,0.4640794640794641,0.19265190767781443,1663
0.16789215686274508,0.7753946976467083,0.519101580258985,115,0.6018845700824499,0.632420091324201,73
0.16075503007674757,0.7560330578512396,0.3902877601392458,234,0.364637848415975,0.3210965435041716,144
0.11925205113527952,0.558066211245402,0.21124318928223848,84,0.18355405275091802,0.23846352152616654,59
0.19378460439364173,0.857036485480268,0.40092871809914826,296,0.3638941398865784,0.36227640059378124,162
0.17365684575389947,0.7924639968435588,0.6361553240672698,588,0.6545187783032513,0.4940042323066071,340
0.1291421492722205,0.6864813039309684,0.5442385652776626,65,0.555004135649297,0.6132241076653013,41
0.2590011614401858,0.6635883905013192,0.3893359564228101,79,0.36227640059378124,0.36227640059378124,34
0.2336521569392934,0.7988780386453356,0.6059280720342094,268,0.6345965439966306,0.747612551159618,154
0.18407609652985732,0.7568784392196098,0.32146050598955583,117,0.25838509316770186,0.18407609652985732,76
0.17605455923212932,0.7185649599442703,0.346339327358606,138,0.30387736699729484,0.30387736699729484,90
0.20390010263427985,0.798941798941799,0.36045726355545,96,0.30782918149466193,0.29165033320266565,62
0.2068290947892584,0.8365089121081746,0.3055388700411239,64,0.26794359082298463,0.26925722145804676,35
0.162208067940552,0.7519525148391127,0.3756631944343485,510,0.3601986186825359,0.49746835443037973,303
0.11408096068177416,0.8425430778371955,0.2955359337709198,127,0.25335035098915126,0.3237722729248153,81
0.20853188109825277,0.5395336370946127,0.2853596076343172,104,0.2635606572135944,0.23889014211594856,61
0.191690770444386,0.6831129196337742,0.33700848941106215,95,0.31108144192256343,0.19245067200457536,65
0.04,0.95027445915402,0.2608841834494522,434,0.22377992517074946,0.3277618177069731,272
0.08279569892473118,0.8505064617534055,0.5422624110279284,2469,0.5744781783681214,0.1654054054054054,1451
0.2509433962264151,0.7786083956296722,0.5412510651587497,348,0.534431132115142,0.5384269662921348,211
0.05811320754716981,0.8093797276853253,0.24384668380349736,895,0.1783068783068783,0.13160569105691056,521
0.08593374939990399,0.8096567122523025,0.22330451992560904,284,0.18306551500269402,0.12842361533779673,167
0.1473922902494331,0.7834118073161898,0.37026641919681885,111,0.37679895333624075,0.31103825136612023,66
0.23712151002752654,0.5622500666488937,0.37522088984426183,89,0.3709799949354267,0.4969529085872576,67
0.19487497416821659,0.7522969496508637,0.49833508278766014,667,0.49499888864192043,0.48194271481942713,394
0.08183221821924859,0.8172494172494172,0.24523516315216737,76,0.14611978559776276,0.09198813056379822,46
0.16993706034801925,0.7635817635817636,0.3668712689168205,146,0.3431516936671576,0.358957654723127,88
0.047080126754187414,0.7983101662578359,0.31023858960647366,1041,0.2911392405063291,0.30042462845010615,616
0.16299104066161269,0.7221249270286048,0.4674859359430898,168,0.45696670776818743,0.45696670776818743,97
0.07229154287977817,0.796383866481224,0.25782372587863966,87,0.14442734666959772,0.12282669657879977,53
0.2610183996576808,0.8046594982078853,0.40965614215734625,281,0.3691692581075078,0.3812879708383961,169
0.13409500901984367,0.6544783629654478,0.32230703306267555,76,0.30402035967922936,0.18347310288402535,49
0.1585983390723111,0.7115072933549432,0.25942894531754523,82,0.21739130434782608,0.2220702234382125,50
0.18061833303200145,0.5844942459115687,0.3140785731600267,75,0.3005445881552076,0.27580442958629336,43
0.11470301850048685,0.7762012254111577,0.4767688866242853,464,0.4995483288166215,0.3795139677492619,305
0.05852090032154341,0.8235858101629914,0.23834527726295554,104,0.1338028944786996,0.12014912726656499,66
0.12005892462558311,0.7338315607933314,0.34441115181064147,419,0.2509782001117943,0.17361451692005886,262
0.1876084262701363,0.8403559277676002,0.36951906037784993,526,0.3518962970909395,0.3021542993923771,322
0.058592654892066165,0.9182652210175146,0.30554055187177775,4325,0.29630449214427973,0.16758640720302062,2538
0.17696575473502965,0.6002265005662514,0.30376803590718077,92,0.27297884957501484,0.2573122529644269,54
0.19224987472857857,0.8213776722090261,0.3575319182661992,290,0.3232643369372208,0.568735632183908,175
0.12605042016806722,0.7447709822610538,0.2865380313664068,146,0.21941354903943378,0.19379157427937915,83
-0.34933774834437087,0.8088495575221238,0.4681987594687212,397,0.454624214858133,0.31294642857142857,250
0.04751001717229536,0.8122786304604487,0.22270594041277508,125,0.15324349733625822,0.12168141592920353,80
0.1785305187367043,0.7778571428571428,0.34207074712051083,132,0.3087673305535644,0.22905394326938844,78
0.05979760809567617,0.6249236408063531,0.18650066400036316,95,0.1637103809246874,0.1449188214070956,60
0.2842377260981912,0.7094810089881125,0.5150095026842296,112,0.5496058583126082,0.36264929424538545,70
0.19246717346233586,0.648,0.3726997797324865,103,0.36323436512950097,0.32446476823945125,59
0.18883030658074595,0.808604407135362,0.45088293842927063,1228,0.45134641904714734,0.3431833445265279,709
0.21669285839008207,0.7741407528641571,0.3874673798667425,131,0.3712612424179042,0.4136610920814024,86
0.20817562452687358,0.7389534883720931,0.4059520994659017,410,0.39352226720647776,0.36203866432337434,252
0.045699554722287324,0.23939450569986917,0.08193598958211573,114,0.07564615632237928,0.05458702486424693,70
0.15910931174089069,0.25702900154970115,0.17891995879979694,77,0.1745703044108511,0.1853591700919945,45
-0.11863458310016788,0.8162298705399431,0.3034476826904234,1661,0.2837750484809308,0.4838709677419355,971
0.027853807760425054,0.7124645892351275,0.3486392261276091,1849,0.33272353075691746,0.3033443240697127,1079
-0.3173076923076923,0.8802453987730061,0.44999011836344754,191,0.5966735966735967,0.6551058424515218,118
0.2577565632458234,0.7742699289660616,0.4596088833367907,226,0.43767572407820626,0.6384883142715068,136
0.12582375478927202,0.7678939617083947,0.31779472937316217,194,0.2980523277839717,0.2562764106388267,116
0.07696897374701671,0.7902321857485989,0.17757747973485752,77,0.13978494623655913,0.19473542841794253,54
0.13299847128193928,0.5721153846153846,0.1943415856223198,385,0.1806797853309481,0.1690174515897681,224
0.03161764705882353,0.7574013157894737,0.21083301744109495,764,0.1729077229513156,0.1899148657498363,446
0.1751336898395722,0.7977480348417251,0.5718203400232894,611,0.5661325041856016,0.36227640059378124,357
0.17348256564786912,0.6814870635518714,0.3535429949727296,227,0.35092644581695676,0.19595261599210267,137
0.08909752826211918,0.8308783415166394,0.2690199706289628,885,0.24250681198910082,0.18722241202596515,529
0.12124582869855395,0.7775255391600454,0.32054140087983035,147,0.279807948786343,0.26271670794437035,89
0.10623038995965935,0.9197368421052632,0.24913564590657944,146,0.20053510912257402,0.12165367671975602,91
0.16387766878245816,0.693033381712627,0.23977609553656942,76,0.22690815726386798,0.2154774582889599,46
0.13417071081929774,0.8779969650986343,0.2772253180751893,76,0.23117246199545693,0.20345002536783358,48
0.11337939698492462,0.7348066298342542,0.28348379034355853,101,0.2489704230625234,0.24073394495412845,61
0.0935638808837656,0.8982428533962759,0.3544505139765367,409,0.32358803986710966,0.20654954801296266,257
0.040638606676342524,0.8766473379019505,0.3542230976342052,1746,0.321153292057454,0.22149500516706855,1017
0.17159965782720274,0.7843478260869565,0.44425359298153333,150,0.44774488962050263,0.4864504664593514,99
0.07812971342383107,0.7954916693890886,0.20484029318447744,185,0.12154440154440155,0.1035263668715626,113
0.05855018587360595,0.7753173102889549,0.184977942093584,242,0.147119341563786,0.13325092707045735,146
0.2563928490608735,0.667574931880109,0.42359118647643523,188,0.41100027358629543,0.38384092625220234,119
0.1286024171056709,0.7903841261765454,0.3685662526880414,855,0.33574144486692015,0.4157145368254526,518
0.1446761800219539,0.7903975219411461,0.302418795011788,198,0.26683853967400917,0.25841088045812455,135
0.5121951219512195,0.7841218053289831,0.6516011565056419,227,0.6473588342440801,0.6318370426254244,142
0.1573111573111573,0.8322828172101946,0.5364349347930584,846,0.5585589019615734,0.5747052518756699,480
0.07660562290430746,0.8404222291213909,0.46444710231455183,674,0.5245583805791928,0.1128937585599687,388
0.055450773293096944,0.742445054945055,0.15997986690979282,209,0.12893796687236114,0.12542372881355932,125
0.1092436974789916,0.8807281858129316,0.3278670484319855,361,0.2793733681462141,0.24328223624887285,210
0.09456264775413711,0.6411327762302693,0.2588056160382547,166,0.21097217459737486,0.1702276707530648,108
0.13963681903569192,0.8696939782823297,0.3847486600249587,885,0.3696312364425163,0.4415942336230655,559
0.0905292479108635,0.8265743488295417,0.17851175067585254,261,0.13391624482282558,0.1273805807055885,153
0.10332258516753119,0.8719898605830165,0.3609411180445495,579,0.3071739992072929,0.36092513694461353,350
0.2355709685409958,0.7850423330197555,0.4842626394714357,288,0.47676328197528195,0.5014778325123153,181
0.08347826086956522,0.824954572986069,0.41081184099230333,102,0.36441531707588604,0.7335109926715523,66
0.08430609597924774,0.7823408624229979,0.20783906175358455,141,0.14386199966504773,0.14619469026548673,90
0.0880313000177841,0.8434718100890207,0.4191589793495342,980,0.4914745215682561,0.36227640059378124,587
0.10387323943661972,0.8288894041270577,0.24290551415771006,102,0.21889400921658986,0.21889400921658986,62
0.2316166345359405,0.7641069155706407,0.5941721261260117,172,0.6093982337648383,0.6056830601092896,104
0.21843928894245254,0.8077166350411132,0.5089464742751496,549,0.5084033613445378,0.4463840399002494,319
0.12176587660575357,0.8194925028835064,0.27142357277605894,97,0.2151829601310759,0.19282317336792046,60
0.11975789018590575,0.7693543205910697,0.27591199156444646,345,0.24189526184538654,0.2731063238359972,219
0.1585132951373586,0.6350037397157816,0.2944701178550896,68,0.2466331849186277,0.23329007138221933,39
0.0855324227556027,0.7663170163170163,0.3026490510166397,637,0.2711381341440243,0.16947535771065184,388
0.11609219708183548,0.8713596013082074,0.31106604215013733,467,0.23627424201037966,0.15063680281071584,283
0.1492656875834446,0.761248852157943,0.356535436392192,700,0.36442519129585177,0.4579294300116324,406
0.12939231087226127,0.8050603795284647,0.4184737080748268,181,0.3845838458384584,0.36530833032816445,121
0.22132881929750317,0.7676548565919499,0.4235895984048544,117,0.3921354451119607,0.3497822931785196,71
0.12124178436582296,0.7713458755426917,0.3272682121974603,226,0.3005046111014442,0.16584240026376526,138
0.2098892608807623,0.7474275023386342,0.4565057208563877,1123,0.448554553932235,0.4016875479417029,662
0.08024539877300614,0.8173832639852058,0.2949833650209478,557,0.2811937226652946,0.1514575411913815,344
0.1239371296057717,0.5162650602409639,0.22843814079120456,67,0.20622406639004148,0.19118600129617627,44
0.15916530278232405,0.8213613128867366,0.4856542941354343,1761,0.46781750924784216,0.4381158375390531,1005
0.017783857729138167,0.7655889145496536,0.2640381269563948,428,0.23417292729472788,0.2674333251773917,250
0.16054158607350097,0.7334148578416386,0.4137210882099983,482,0.41404291945216704,0.4898881751130145,271
0.2591649694501018,0.7247510668563301,0.5483575873536387,431,0.5509761388286334,0.5281524298865339,251
0.09241795548849491,0.7377049180327869,0.1858980621947963,187,0.17420954742715436,0.13450292397660818,112
0.14829443447037702,0.7446197991391679,0.33453058228137594,102,0.30235157883553576,0.2721212121212121,62
0.14767932489451477,0.8480194017784963,0.3831169364392037,171,0.3693511739459732,0.4942462600690449,106
0.20378092855157076,0.7420204014478446,0.3480520346622422,68,0.2879126030659773,0.2556053811659193,42
0.15534366309098133,0.753758634701341,0.41744861795765215,199,0.4185639229422067,0.19583524728219262,127
0.09314140558848434,0.8256997455470738,0.2580445095680461,272,0.18501420454545456,0.14107085604360373,165
0.05173427395649618,0.8208647906657516,0.24770596094061761,742,0.15896136795440152,0.11888111888111888,439
0.1456564337034618,0.83224721463107,0.3665674299194959,297,0.3549055138493399,0.3306930693069307,191
0.09261051952242659,0.8081534772182254,0.2276444511473949,512,0.18645372527725998,0.2201210287443268,302
0.06740624623176172,0.7413381123058542,0.21492149127576732,384,0.16525930749640313,0.14914970727627544,233
0.1774751903992615,0.7925856405443453,0.32563012046651924,328,0.28733094120894287,0.2519015659955257,191
0.10076488194213502,0.6671694318753142,0.2648654748668219,110,0.22009991184249192,0.2240724510663161,66
0.17072040769052582,0.6698207171314741,0.36134426871053943,121,0.3331745653727078,0.3465193937837144,76
0.09573810994441014,0.7622630153475775,0.26498749082874257,192,0.2007205352547607,0.2007205352547607,109
0.1177773990114198,0.7486939785537531,0.2911071788078003,262,0.26964636542239684,0.2978675645342312,154
0.3042547497993043,0.8018131983976386,0.5216175059776856,407,0.5085095410005157,0.47788796569284375,237
0.11210647555669312,0.8549949883060475,0.2687139998202043,274,0.2136266595068315,0.4994573475146516,161
0.12308610061642473,0.7502072395689416,0.2665561124714437,81,0.19643520237653175,0.18547055586130984,57
0.11059371362048893,0.7843594009983361,0.24195797737048638,134,0.18729795952666856,0.19117647058823528,88
0.060297572435395456,0.7442622950819672,0.1797055357518963,235,0.14398525927875758,0.12553916004540294,144
0.18730808597748208,0.6482711243416533,0.43479674976899474,64,0.46322158280695275,0.18730808597748208,43
0.11737235367372353,0.7993769470404984,0.32406249506130985,1031,0.28926673751328374,0.44876049189927775,614
0.11990111248454882,0.8643852978453739,0.2671951424804973,672,0.22758894851918107,0.24457741211667913,391
0.11566162971331732,0.7428419936373277,0.32731956368713183,188,0.2767237165874541,0.24780397595931578,119
0.2012735956333864,0.8157248157248157,0.40802630653639477,595,0.4015251117538785,0.3758905671131376,349
0.07081325740984085,0.8511422254974208,0.3715705287305026,796,0.3441865381438737,0.4843505477308294,468
0.09108678655199375,0.8215488215488216,0.2011955050000077,74,0.16282733587408546,0.10926076360682373,41
0.23007021891780255,0.8902543583881108,0.373949256401874,128,0.32331639873858364,0.300608678578441,80
0.05682060012768674,0.7446697867914717,0.2970725891354908,69,0.2771563509818543,0.07086285952480201,44
0.36227640059378124,0.7242455775234131,0.48800248813297614,177,0.4877667881311817,0.36227640059378124,107
0.15080481325207062,0.6890173410404624,0.40305628437180535,127,0.39020607134943497,0.33744459433416846,78
0.23062964979132644,0.7525279403938265,0.42388864883141714,82,0.4225721784776903,0.281216457960644,51
0.16626086956521738,0.5159574468085106,0.22489710175911815,67,0.20503597122302158,0.17900837089504185,40
0.1546041454298335,0.7416584076643541,0.31990891076133804,99,0.28153815970178536,0.1546041454298335,65
0.06769968640472238,0.7847658979734451,0.23279399836624495,1109,0.16666666666666666,0.10500329163923634,668
0.08636246455271977,0.7967641214873687,0.3186741707378726,308,0.2766780027535537,0.4023380418899172,191
0.09771246780790789,0.8151907595379769,0.23973770546217243,357,0.20316234601948888,0.14143681847338038,215
0.11824104234527687,0.6435801811401172,0.275267390245066,69,0.2723463687150838,0.11824104234527687,44
0.12857944974733296,0.6756107328794554,0.24011150583374435,151,0.21612433220009714,0.18990291262135922,85
0.12162773172569706,0.7731196054254007,0.34400582826896864,666,0.31727253172725317,0.16624796808039013,395
0.17702279839070184,0.7273537273537274,0.38807199386127395,73,0.37664618086040386,0.34445371142618847,45
0.14355555555555555,0.8060989643268124,0.41023969250930387,1629,0.3983389726238081,0.4059590316573557,960
0.3052143684820394,0.7443263430048837,0.47130848982685086,189,0.4551136363636364,0.3333333333333333,112
0.21743537759756715,0.75729747458183,0.32727830204311786,115,0.29604284439155015,0.24595066035385,69
0.09365339152573195,0.7972074468085106,0.22617750435323739,152,0.1500925328266701,0.13566269763810268,91
0.16883573689764333,0.7987129987129987,0.30195498852785024,321,0.24194132560666426,0.608411892675852,194
0.25241016652059595,0.7585199610516066,0.5114378977575268,94,0.5296680259162481,0.4518987341772152,59
0.20791168353265868,0.7867417135709819,0.37915123510345433,167,0.3598519888991674,0.3686898448241996,103
0.10674389739346297,0.8782214670065137,0.41538884471576026,400,0.40258946205457313,0.31325078543707263,243
0.30644839289279296,0.7383542538354254,0.48217348892314665,178,0.4651609802979337,0.6924242424242424,112
0.10588601681719091,0.7882666666666667,0.2988688241657765,187,0.2865232163080408,0.2865232163080408,124
0.24254658385093167,0.7586936800725733,0.4543609883599059,185,0.4390673119225693,0.4089004190780283,111
0.1828718609143593,0.7743936830231246,0.30029641424748943,135,0.2567669172932331,0.21868109841651634,83
0.18578916715200933,0.8321804511278196,0.350256055087136,155,0.29554655870445345,0.3763702801461632,92
0.23654090716405257,0.6692230743581193,0.3820841681285085,76,0.37560777957860614,0.35909281814363714,47
0.0728119637165972,0.7424158852730282,0.28125877071158234,70,0.22845628860944783,0.17163048965169106,46
0.19014330653617617,0.5052068674359697,0.32578382806145534,64,0.3442776735459662,0.34812623274161736,38
0.08431419649291376,0.6731826511912035,0.2222836080892381,147,0.14575411913814956,0.10708469055374593,93
0.06523911491791577,0.7662811929397444,0.2891803996237458,726,0.26137102425762215,0.22793017456359102,437
0.09699137386913528,0.8669935642047196,0.37054913522242633,273,0.3338387667424817,0.2111300951916036,174
0.08570668086239021,0.8129218900675024,0.26717305546832565,1368,0.23679619349722442,0.26223945710130875,819
0.12544802867383512,0.8356411800120409,0.277666301072128,397,0.2252660176590446,0.18776150627615062,231
0.10011299435028248,0.5787037037037037,0.2536914455093125,123,0.20122300783489394,0.17466998278171034,75
0.0922247882986913,0.957665557907469,0.2648332236903115,105,0.19870176703930761,0.11032791909285933,64
0.05707459516856915,0.674217907227616,0.1819820819766352,146,0.12340780956358322,0.07939802802283343,83
0.09499389499389499,0.7672142607479903,0.344585224651274,328,0.32703081232493,0.10779029887310142,188
0.13089234816926112,0.7873491468997087,0.4577299734950066,72,0.43127914628828046,0.6317365269461078,45
0.28925900747790617,0.7279808268424206,0.4503337257330512,110,0.44371973746723004,0.36342551293487957,67
-0.05054151624548736,0.7603660280240205,0.5645185869438542,642,0.584804331401896,0.5162368672397326,380
0.0776283618581907,0.8366336633663366,0.34196247365036625,388,0.309422107845807,0.3409090909090909,233
0.0989492119089317,0.8627450980392157,0.2893469648161105,258,0.25343787058757916,0.2999614940315749,166
0.0969181425184772,0.9017776438686351,0.30287330723029937,252,0.2640501197715128,0.258395334807963,156
0.08161816891412349,0.798641865958075,0.16891035390801978,89,0.12102363604051893,0.12385767062026055,51
0.07021546261089988,0.7019653857436199,0.21016885149386358,125,0.13901979264844486,0.13562315996074584,71
0.1457840819542947,0.812449035063876,0.29670143784814046,339,0.23512420566146736,0.21335078534031413,205
0.16929082628497072,0.8070074669730041,0.37653765719543575,161,0.3580164181604959,0.27566539923954375,81
0.155893536121673,0.8521314387211367,0.6404773901965509,285,0.7107456634377112,0.7150947505989981,168
0.11325688996177831,0.7335106382978723,0.31958184994089406,166,0.3334249858996052,0.11513301351940688,110
0.11395845466899632,0.8281522878099895,0.30239758351614177,230,0.22703608751643373,0.3228552717747217,153
0.21435272045028142,0.7598225602027884,0.41395366378583714,109,0.4084367245657568,0.41442542787286063,69
0.10730253353204174,0.8041370394311571,0.40956859820239344,472,0.4354306628770649,0.22345483359746435,264
0.13793103448275862,0.7549407114624506,0.3522945716945905,69,0.29979879275653926,0.2287545277235999,49
0.08911777877295118,0.8302837443648899,0.35933008822491763,380,0.2812051649928264,0.17673081176730812,219
0.09864397766551448,0.7510419560989163,0.24709156840499324,187,0.16860143725815369,0.14196891191709846,111
0.05917706888580675,0.8195863443807625,0.34363194312939677,380,0.34613444297810747,0.23568575233022637,221
0.3460642757335817,0.7480030919866014,0.47757258150377413,304,0.473759985566527,0.5467754269691563,199
0.06034776679168087,0.7244384847468991,0.17605379160125137,93,0.1465576005453306,0.1391216895742541,61
0.21718658034137728,0.804292469989087,0.4524528952603394,92,0.44479762661580846,0.5246537396121884,59
0.2738425009893154,0.8067796610169492,0.45061041026038745,292,0.43535084377163186,0.4615602836879433,172
0.42103817632518536,0.7717267982754709,0.5729552596659943,98,0.5681422358534496,0.5620052770448549,70
-0.03435114503816794,0.8130161876445325,0.26529987957545165,179,0.20550718768981574,0.18898623279098872,104
0.14058479532163742,0.8904109589041096,0.3523577324916568,751,0.29575625680087053,0.21260210035005833,456
0.019801980198019802,0.6892455858747993,0.17679682129421356,148,0.12443250774811204,0.11794053083216922,91
0.14085287059257892,0.8450567260940033,0.25755531514645436,345,0.21674381163211914,0.18554938007695596,215
0.047388781431334626,0.796440489432703,0.25560719284061445,554,0.21125370187561698,0.1364300321355536,326
0.16796061352016664,0.844475721323012,0.3428322731422459,105,0.25823686553873554,0.7231045849565478,74
0.21046138662718974,0.719327731092437,0.35279973884398175,151,0.31573802541544477,0.2729693741677763,88
0.16052631578947368,0.8259154929577465,0.4628772393508075,157,0.4535809018567639,0.41771514846502267,96
0.0950963496788344,0.837856891082129,0.28935385446320344,414,0.2444354512343181,0.1660397635679742,258
0.0739338053680224,0.812580895676935,0.20475204700390867,441,0.14627759072203517,0.09364293871336125,262
0.05977203224909647,0.802088061733999,0.374907711960682,244,0.35051806924437706,0.23383738768354154,145
0.03843197540353574,0.754857279923243,0.3358130512914393,140,0.3241691324959277,0.3813953488372093,85
0.12557286892758937,0.8394523957685127,0.2958165827720196,136,0.2495688246933889,0.20978441127694858,83
0.021422450728363324,0.7921744708146248,0.2416877608551638,142,0.14922496059220525,0.15147453083109919,95
0.10892480674631061,0.8470325304196672,0.47039134490504586,391,0.4594047378011743,0.38256855824056474,233
0.18511198945981555,0.8129655172413793,0.3972913712320746,308,0.3732894843943927,0.32458672264497507,189
0.13773314203730272,0.8411311053984576,0.2629468344286696,330,0.21233933161953727,0.2076299797434166,199
0.17961075069508806,0.7295654816165299,0.3097838906359943,321,0.29422615753551007,0.224991691591891,181
0.36984996427720884,0.8251900108577633,0.6090178824206812,117,0.5918866080156403,0.5581706338593206,84
0.17695099818511797,0.8518796992481203,0.48605668337163466,156,0.4754978488979808,0.2598461896993708,97
0.14583701608626481,0.8369818351187703,0.45111794820918494,392,0.4581628655988858,0.3072644530591606,240
0.4499695555104526,0.8058333333333333,0.6151870231975685,88,0.6189866516850708,0.5533632286995516,51
0.32242225859247137,0.6621775850262497,0.4859904394270366,102,0.4867219035479074,0.4325947401118244,60
-0.15400291120815138,0.7824620573355818,0.5580969531470765,842,0.564228865911977,0.4183579335793358,502
0.06140139658078497,0.8208185626812762,0.3107764062547164,488,0.26840680474122425,0.08981759408912492,304
0.09435686543294494,0.8947829899167032,0.2789216219993036,1554,0.2651036507306854,0.3120309852335996,880
0.07896608963718284,0.8343809784094015,0.20829030221976286,374,0.14184648036788114,0.1146228402865571,234
0.04085561497326203,0.8639556377079483,0.18107550591454238,116,0.11814098808826401,0.12652536929993577,69
0.1345172484180445,0.7986870897155361,0.27397709106812407,634,0.25282486729201337,0.18025579536370903,371
0.05190311418685121,0.8222984562607204,0.22990675742080752,550,0.19308310478140034,0.10818050690294663,330
0.14952510176390774,0.823879938203487,0.5732459519710794,411,0.631269131151401,0.536639526276832,242
0.14470122839891733,0.720600272851296,0.3015302257994421,70,0.24169921875,0.17863247863247864,43
0.134768932978466,0.6343818125194643,0.286057918222327,94,0.24604212737141706,0.134768932978466,57
0.19978440531800215,0.8156115550092194,0.3940096693733431,178,0.3763901253579076,0.29014598540145986,109
0.11748381128584644,0.8244755244755245,0.23493231543921783,242,0.21453795183113122,0.21904761904761905,145
0.13719433719433718,0.957513277100906,0.4810580978786808,654,0.47584699453551915,0.4128270432970595,379
0.08455392809587217,0.7977111042375503,0.38900094213941555,443,0.41942805265546984,0.4723774053382992,275
0.27693535514764567,0.793273174733388,0.49750566806773033,94,0.46198678162529977,0.4327419717044689,57
0.13631446087270105,0.8179086538461539,0.40423200417514055,152,0.399945219123506,0.21498848649780197,98
0.02638058389025677,0.6720741599073001,0.1711899051865788,132,0.14397382769901854,0.14965560425798372,80
0.10868907054193158,0.7838633686690224,0.3124033579183052,124,0.2804004033104227,0.264019157852724,71
0.09685066034541144,0.7614473978110342,0.26562894066836723,85,0.19126101954771943,0.16257187663355985,50
0.18989577813107225,0.7566235366605052,0.35912015592194113,77,0.32849364791288566,0.45106736900471306,50
0.08141813646891145,0.7781357882623705,0.42185141116527997,378,0.4415647921760391,0.37714987714987713,229
0.19083969465648856,0.7983348751156337,0.3750501241570225,124,0.34980395480440385,0.2154793315743184,79
0.2299294973845804,0.7411273486430062,0.35429360532210313,89,0.3316929133858268,0.25612712092647455,54
0.04272230501738698,0.8833013435700576,0.22069309735499726,137,0.13531933604484994,0.04799778044945899,84
0.3357969943335797,0.7470637583892618,0.6317272794436081,84,0.6818384268054982,0.6141372141372141,58
0.2200488997555012,0.7524303305249513,0.3683250422599163,81,0.33795227097767516,0.33899358045143924,48
0.12080163295602153,0.7676923076923077,0.31813467648542976,99,0.25404040404040407,0.21687279151943462,61
0.13732129420617006,0.7729393468118196,0.3621668050410996,127,0.31931080778697696,0.25060144346431434,77
0.24104162029824172,0.652673950546291,0.3433588129597344,112,0.31477738482689477,0.4194327097163549,67
0.13468825353083017,0.8238884045335658,0.4925180084814352,139,0.4632469592808038,0.41094647716964017,91
0.12147806004618937,0.8023860507800551,0.25988874890177294,72,0.1931653336272698,0.19367028814359943,45
0.26902173913043476,0.833116036505867,0.3842120667813313,137,0.33423362592842676,0.31779769526248397,80
0.12722443559096946,0.8124833997343958,0.29849107644795964,110,0.2615048607259698,0.1659729448491155,68
0.31124880838894187,0.7561121049493142,0.45984651182895503,65,0.4457002457002457,0.40448569218870845,41
0.08024917552216929,0.7058992805755395,0.395302159882554,156,0.3827184990099317,0.31041507512095745,93
0.16660117878192535,0.7869552833950442,0.46489842341824,97,0.49286498353457736,0.5415104445634709,60
0.2382639503985828,0.7956466069142125,0.4005998371657909,86,0.38743824982357095,0.38743824982357095,52
0.3245989304812834,0.7590210229055538,0.4872785030582414,66,0.44938132733408326,0.43885281385281383,47
0.11976269929551353,0.8929804372842347,0.43397578918294977,239,0.4330844342331993,0.336510962821735,150
0.21213397935538233,0.7657225156024964,0.4257512886767357,72,0.3958142609150403,0.5521210128247287,46
0.11459792659008125,0.8040189659065252,0.5272757825826538,400,0.5494066399811632,0.19534745004473605,241
0.1423982869379015,0.8834469931804092,0.4488318681704271,74,0.4308494326893591,0.5215827338129496,44
0.21720274665702927,0.7384266752994496,0.4711113251280344,105,0.473015873015873,0.473015873015873,67
0.06749388982891522,0.8976850528722492,0.4352723818216056,70,0.4152265847797647,0.30419313850063534,47
0.11193476649369903,0.6547520088667221,0.3511529390882123,320,0.4007823162063736,0.16597853014037986,190
0.0727007299270073,0.8282138794084186,0.4228567840118956,444,0.39535003290556103,0.27114661654135336,278
-0.054016620498614956,0.845910290237467,0.4965875993071565,1571,0.49274965800273596,0.4836213567191127,935
0.31842171399849206,0.7835082458770615,0.5023887305078376,98,0.4814845334626242,0.4029618082618862,64
0.18095238095238095,0.7804097311139565,0.3527117876973592,109,0.29466627805304574,0.22886075949367088,68
0.09131905298759865,0.737281067556297,0.18985369158324433,297,0.1311555338859093,0.11890960363465455,177
0.30148148148148146,0.7606270726560145,0.4866745956251658,191,0.48754842280022137,0.4318030605455755,116
0.12421580928481807,0.7307262569832402,0.20673263418553564,96,0.18552507222419035,0.2061575611228494,65
-1.0,1.0,0.6095039930239139,1041154,0.6630338733431517,0.6551058424515218,406203
